"x","treatment","y"
-6.50878873158479,"1",-37.7173121742391
-4.5409982066407,"1",-20.0243091688833
1.71227302448338,"2",5.96053375461252
5.41063314628289,"2",21.8364825706897
-11.9994843277787,"2",-56.0947518343151
2.16315812519639,"0",11.4736271782478
-3.60062452918773,"2",-15.0672791682682
5.9453290477859,"1",33.2603534795415
-1.80978713063096,"0",-5.1618686880968
-1.62260042589876,"1",-10.0863948284155
3.27986918076674,"2",11.8886078291771
1.29919826651994,"1",8.79418222791645
-9.28916937281566,"2",-44.1088119935507
-0.529352910579663,"1",-3.33868841572598
0.884163072402782,"1",3.61493795933694
4.289853359844,"1",19.342904888188
-9.81041302309739,"1",-50.6597775735334
-6.44678886142066,"1",-31.9728106363273
-0.828596804784895,"0",-11.0148977288278
-2.65722322042706,"1",-13.5645160858813
1.54378342961328,"1",6.97640283121849
3.27399054464457,"1",17.5850769724038
6.83982802594243,"2",32.2904790873823
0.417147702915871,"0",-1.44564862332912
0.225476533348474,"1",3.05852137564401
-6.76186283670872,"0",-19.9822075140449
-10.2208249106343,"1",-53.1397597602185
8.74412690410897,"0",24.8969453469959
3.45711909680867,"1",11.7707687678163
7.53955905903082,"1",37.8737233053788
3.45211295165192,"0",5.74066409225576
6.10088740287343,"1",23.7611198288284
0.807828732680293,"2",-0.256974043728247
0.819987890199393,"1",1.68862909530171
-2.9421057191576,"2",-16.261564475769
-0.298850469016405,"2",-4.48184054138312
6.73350679286031,"0",23.9384006067853
6.21978459171358,"0",22.3726972798449
0.0437718774709182,"0",-1.47966094616553
-1.55524443672775,"2",-3.86407451321689
-10.1787392823972,"0",-30.1517197067071
-0.537385291305429,"2",-0.455395483595913
6.76060543493688,"2",18.2029380000506
6.61726647373092,"1",32.6626600103287
4.10729592264339,"1",15.7376010899842
5.15634495139909,"1",25.468242025116
2.49367615433649,"1",8.37803408928566
-0.0378223987790905,"2",0.844878056513292
-0.57271410092758,"1",-2.39365014490003
1.03568080865565,"2",0.401783901230123
-0.7637601332355,"0",-3.30357753045948
-3.04537380710665,"2",-14.181580501289
6.81820654778201,"1",29.3048536246228
-1.77872794326551,"1",-11.5558308834812
-2.29158910472469,"1",-6.8860246801012
7.58536117945529,"1",35.3921633585563
7.10418371196512,"2",33.6154200859419
-4.70992395512258,"2",-23.2691278828931
3.46234694035208,"1",13.5079578425309
-1.51430297262758,"1",-8.85200182006431
-3.40579210824634,"0",-9.65475597813171
5.40566542543462,"1",27.5107576134857
-6.87689120577644,"1",-34.2070947461682
0.0786065164002152,"0",-0.232083952457515
-1.85549346043392,"2",-6.7245296446425
-2.61739020340632,"0",-7.25070274958173
-0.0591633819479514,"0",1.98624018578909
-2.9638379740523,"1",-17.4730242400635
9.0883338020363,"1",42.9362594552521
1.1227290489937,"1",3.74175957561722
0.000958598080572156,"1",1.59623197762659
-1.18262422503169,"0",-6.51778532753684
-2.86820137313191,"0",-12.9605646035512
-7.91839760973341,"2",-40.379407431902
0.60949158142007,"2",-4.6993440313364
4.40846929060393,"1",20.9291274372874
-0.143526504880025,"1",-4.05636328775293
-4.56133166518382,"2",-24.5411507464413
-5.81860017353405,"1",-33.4946274585021
-0.893554515346008,"1",-5.58034833673507
-0.829036825438941,"1",-5.29781368327466
1.12956042103397,"0",2.3723757007401
5.19850981568156,"1",27.6961399707825
-6.6037389918038,"1",-35.4770430060943
-4.7359933639281,"0",-17.9618002916397
-4.67663857708084,"1",-21.1882143869416
5.93770828125129,"1",24.3602201604754
-0.161676822870526,"0",-0.594053033513543
-8.86558591464102,"1",-47.3421291681887
-6.43749149622236,"2",-33.3912181362197
-0.211060292017858,"2",-4.06108974001648
-6.49093845324078,"1",-35.7799100316169
1.10173004047799,"1",2.89183038460186
-7.34043438594076,"0",-27.1893291306448
6.11689981087801,"1",37.6600599307675
4.22712297216976,"1",19.8864210011915
-5.37913735342839,"0",-15.8330341599964
-5.84620643756586,"1",-31.5944402835343
-1.87590028403536,"0",-5.31537217640515
2.53338741484012,"0",5.64022418533187
-0.0285513185227897,"1",-5.31612510892916
5.06279487931292,"1",27.9946562608848
-2.22456422556683,"2",-11.7552338706134
0.918439065409685,"1",3.08082873946517
-3.67497716591586,"1",-19.4719581888903
-1.42953772437308,"0",0.695539629539425
-3.62784517604054,"2",-15.1897720791058
-4.15463090292952,"1",-17.2394462740356
-7.20574646362296,"1",-36.7612396143187
2.22218075078634,"2",7.0264206796168
-6.82794546586604,"1",-36.0105308136034
-1.65486161933689,"1",-5.97611720136769
-6.30222871946859,"1",-32.8186934132232
-3.03811512934663,"2",-15.3634419448875
-4.01122140246331,"1",-20.8619844149935
-6.84163192133828,"0",-21.6312576750468
-4.37610469345146,"1",-23.4882359253038
-0.305485017835782,"1",-1.26629141840287
8.39223208556093,"1",32.4320531133316
4.88992586292035,"1",24.1712293308557
-2.45923107166867,"1",-13.0386696751913
0.915386982342837,"1",5.79205916089513
-1.65552273089803,"1",-5.76636068384882
3.19647893157901,"1",12.2853029258183
2.33105891178925,"1",13.5864332678479
2.24730755025988,"0",7.04530364686088
-1.06824090018049,"1",-7.37683970794965
6.91340375787603,"1",32.2315834240491
6.13493777185964,"1",25.1598621430711
0.125371548768626,"0",1.55204265653058
1.35445518531637,"2",-0.520626428776317
7.51726625200834,"2",26.0843809484988
4.26269436021733,"0",10.8958797398624
-2.47395694207841,"0",-8.83318118193049
3.18999939295898,"1",13.927908225235
3.9824207548753,"1",17.7750903435672
4.35336891876634,"2",21.3280403626529
-1.34882603416785,"2",-4.35637364905115
4.05847345604733,"2",14.6521539736347
0.933366032560896,"0",7.93462354974065
8.09501392610183,"0",24.66953991879
-1.73528989221047,"2",-5.84596618766861
-4.57541268420239,"1",-34.0968498781773
5.79644749501202,"0",17.9656701267101
-4.04933027042005,"2",-24.0208647401229
3.85070075200343,"1",18.9400210281377
-5.41218856402924,"1",-31.151289502543
2.27412613639976,"0",9.83745726021847
3.01328045119977,"2",13.0296823901369
-0.398609365856294,"2",-6.05252188407361
-1.87541516768914,"2",-11.4516653853541
-4.016952306084,"1",-19.5621598997292
9.9300097063892,"1",44.8638694176588
4.0530308359788,"0",10.4969013407827
-10.2632167286584,"2",-42.6125544354404
6.78757633302648,"1",31.4032391264123
-5.78960716059082,"1",-26.3014424208553
-0.869179009608909,"0",-2.68200711366817
-3.12877811811021,"0",-12.1901112135601
-11.0566628052431,"0",-33.4504753726557
11.3524095199852,"1",56.3246679465331
1.15340180501285,"2",4.67273860887043
-1.55212690051448,"1",-7.58327321985839
-3.40824925710343,"1",-18.5091497871753
-0.939185931249856,"1",-2.07073872893915
-2.45464422170571,"1",-12.6717532478913
1.06746094319666,"0",5.36611316122293
-3.47568430664279,"2",-19.2944137496946
-3.07962057466812,"0",-10.7442712789338
-2.07229350264927,"0",-7.08876617729908
-5.10768782763724,"1",-23.9470001509624
5.2021332818158,"1",22.0407537566372
-1.07489529839667,"1",-10.7304369761388
-4.1617320192281,"2",-23.474412274628
1.56569361566991,"0",-0.744975300716967
-0.92799802740711,"1",-5.7532091527678
-2.62667037669711,"1",-16.4720826468383
-10.6436462746447,"1",-56.2333896263376
-1.08169502714997,"1",-9.81010172658173
-4.23932227383057,"1",-22.3091871291579
-3.37406856688367,"2",-17.3359381070565
3.62048997288954,"0",9.84516435630681
2.30505582860336,"0",9.61875837818472
3.20242892630968,"2",10.9525821213183
0.332501022206384,"1",-3.09131508882347
-5.11372724327198,"1",-23.3736577178973
4.04061346359514,"1",14.8747460721946
-3.52292518442107,"1",-18.7236484870073
4.18953605934299,"0",10.5544085830454
0.723073868719133,"1",0.192862940376541
0.571315175086595,"2",-0.540400138046447
-0.520559044535114,"1",-5.92801298808859
-5.39705702847238,"0",-17.8079909032052
1.51538202427624,"1",1.4088841485587
-6.80246155721919,"0",-12.3318237952801
8.33796817622903,"0",24.7647106690298
2.47631484811628,"1",11.6859521408702
-1.11920396343393,"1",-7.9594279128747
5.11383009262354,"1",24.8814791388187
-0.170937771769263,"0",-2.47275137449628
7.77215439068153,"1",33.6874034370924
2.58166513725405,"0",11.4256772760824
-2.73530183033612,"1",-14.4212040072433
-0.854203344682632,"1",-5.78238331099642
-0.46517990514995,"2",-4.19038193248577
-4.67179972551859,"2",-18.038945962175
-3.95761071278619,"1",-17.6525223508543
-2.82200539213541,"0",-3.93230793579426
-5.20343369224296,"2",-25.1479589112973
-2.73263300566343,"1",-15.6365577272389
12.3509604923035,"2",52.7085187310927
6.16561792019058,"1",33.1262804962697
1.36657057599311,"1",5.5253030640853
-2.40133297900151,"0",-6.89592279983219
1.74568628094667,"1",7.92255400205635
1.47346828987702,"0",3.31404295859907
-10.2879272688404,"2",-48.903385167828
0.454908964150918,"2",1.30822400945518
7.5902668969244,"1",28.4222271701489
-8.29205031468227,"2",-38.5926263998162
-0.213847567471181,"0",-0.384057019261455
7.95138007208163,"0",26.0692644654258
-0.0810934516829965,"1",2.10578571222637
2.94899581356164,"2",8.57338942895066
0.275951971162061,"1",3.31089856471195
11.1476003667246,"0",33.746182096255
5.07705354620908,"1",23.3496325239982
-3.14877285575108,"2",-17.5049132162109
0.342674191353926,"1",-3.80145575945748
-0.8829089630009,"2",-4.79716232327935
-6.53249230881691,"2",-36.0118901523761
8.22569357216064,"0",18.9337635309432
-4.25868570400019,"2",-23.0562890087904
0.9104432166906,"1",2.14090572775775
-1.61602296675243,"0",-5.87015763981713
8.25048432002376,"2",33.9901660092976
3.89750138980295,"1",22.2253871772191
1.85149887268713,"0",9.26784012276558
0.832449277163532,"1",1.55126980723937
-10.2325427559238,"1",-47.0281883275611
-2.29160137960865,"1",-12.0735087575588
-1.25613899023332,"1",-3.31785662388808
6.21021945342989,"0",8.41087190312435
2.90437511852889,"0",9.28945299726074
-5.789573629792,"2",-31.8519598572967
-10.1034955385956,"1",-50.8309604248574
-0.253523137864576,"0",-3.85091609599052
4.38936344043396,"0",16.1831691723211
-3.2982149557631,"0",-8.42472450755142
2.02236748558681,"2",4.84187394742034
3.21770746005706,"1",14.0762401695323
2.1083250938212,"1",11.0642270997969
-1.89385983481128,"1",-14.2554782883436
-5.60539100060365,"2",-28.8864506698701
-2.79720841993718,"1",-9.41412125616365
2.95550123286973,"2",9.76511300919371
0.391934154324942,"2",3.41029707656108
4.08198690282789,"1",19.335464429298
0.264674655916297,"1",-2.48040357964798
7.23775700753333,"2",30.2894195769736
2.6500583796553,"2",10.4878830550561
-0.050238015739836,"2",-0.743640584516658
6.49795942007905,"2",28.4181786730697
-2.06692256794165,"1",-11.8025163413664
6.35272666718663,"1",34.3888242632433
-5.54291712022661,"2",-26.3416591803825
7.66870729970904,"2",34.6729131803236
0.165293828196908,"1",-1.82736522881744
-3.55341265881022,"2",-19.4957665195754
2.38356910247083,"1",10.0459598430029
2.35179440563686,"1",13.350411015408
-2.05948808342679,"1",-14.2673530695757
2.34861190562486,"1",6.38709904396883
-5.98096114662966,"1",-33.6514239212499
5.93928504204764,"2",19.2847265414877
-9.97854543166161,"2",-47.0166734582095
3.8842969317605,"1",16.0827538954497
-2.99257702487528,"1",-17.9780433774905
-8.89096703858938,"1",-48.8564617837788
-1.23441964320674,"0",-3.81583468962525
-0.227696907952472,"1",-2.29111409584232
1.49030345882994,"0",3.45460481412801
-4.39501385520636,"1",-20.2714783836571
4.484373814981,"2",16.7213341203392
-4.20827425539183,"1",-25.7951914768145
-1.72626513457287,"1",-6.43634717440176
-1.08715941118196,"1",-10.7641183016909
-1.24977725338222,"1",-7.35790883181305
7.73239890459396,"1",35.6477949279863
-7.32896788178002,"2",-37.4028618712292
3.56050642106757,"1",15.6912136794018
1.4081546673403,"1",3.71555557128846
-3.72860700090122,"2",-20.3955513218436
-3.39910979857636,"1",-23.1635749657043
0.546980031202394,"0",9.71650096998465
4.59192838636888,"1",21.7104480721871
-0.154933123257776,"1",-1.4702877160001
4.89299126031017,"2",18.6550525756907
0.0630052081470047,"0",0.501344300141951
4.01647328632523,"1",17.1224283724377
-1.39884123937097,"1",-12.1675747131701
3.16849337242406,"0",13.1861619815924
7.14421041106478,"0",21.6879363776316
3.45964946793809,"1",15.7868807521072
-3.75475520964699,"1",-19.8708484075459
-1.10259389354033,"0",1.67637112203766
-10.9512221098833,"1",-52.6205793363398
-4.79719344743068,"2",-19.0536622728261
-1.53382993413999,"0",-4.3339970986239
-1.86958454500146,"2",-11.3865231514283
5.38439890715191,"0",15.2823932371825
0.252394411136543,"0",4.05537412872639
-7.97705076476168,"0",-24.2387021101653
7.17515902850874,"1",35.183871279716
-5.40815792513938,"1",-27.8466670283739
9.71212047835988,"1",46.4542404807674
3.55826341993599,"1",16.1836046416335
-1.885722751597,"1",-9.16748008720895
-2.68417737536461,"1",-22.9499941912962
1.73701414512777,"2",6.53816366932895
7.14889323088042,"2",30.427505222114
3.62868919572774,"2",16.5442256299558
-8.94042991564586,"2",-38.720681649765
-5.45812450646143,"1",-30.9877142643839
-0.0847383417322412,"2",0.549816171106553
6.81390727284608,"1",33.3729173603117
-3.131351257986,"2",-17.1267158679842
-0.506069531497466,"0",-2.85364395982343
17.8797803410651,"1",83.8840749890986
-6.90909365258682,"2",-31.914993426416
4.05371286704525,"0",7.54546383843575
-5.43952403068165,"0",-22.0618892775837
2.8466709908152,"1",11.3411516132864
5.31802543202223,"0",14.5427659403714
-4.73731104565117,"1",-25.7086439678157
7.15228624448904,"0",20.3198453026578
-12.2973189667983,"1",-58.7487146057869
-4.0000683042482,"0",-8.2868614080404
7.11187964570427,"0",19.7246623585345
10.8556871602629,"2",51.9851176732411
-10.6602569870315,"1",-53.9167867946731
6.57049480857745,"1",35.8153123701658
-3.5234402814384,"1",-28.8369878643573
5.65547818191238,"2",24.0259794602798
-9.09749092100689,"1",-50.2863331282672
5.54283950342073,"0",17.3150357783828
1.82598258173323,"1",5.03956622626934
-0.989774760192708,"1",-2.93379494994434
6.61183209712751,"1",33.5290808453754
-8.44589717733431,"0",-27.5964712697232
-11.1222532372693,"2",-53.0624366984646
-3.35857649598257,"1",-16.270280849222
-2.04093706196414,"0",-9.90899030017961
-9.71923729121832,"1",-51.2583776232452
1.47308575936744,"0",9.9911781216246
-0.0883555911033434,"1",-2.97642049423681
-3.65643532857713,"2",-14.8073655964982
9.03368893768172,"2",38.5771301347263
0.41636957648215,"1",-1.72192897681871
-2.55012096439997,"0",-7.93084985012633
-1.67971402181423,"1",-8.83594976246383
-2.23501861823164,"0",-5.22262536838232
-4.04123925078606,"0",-10.9463564696442
-4.72004730960511,"1",-25.0681400496837
-2.05441798058242,"1",-7.64689897560197
-2.05672860027219,"1",-10.6821751407237
2.46017219027372,"0",9.5442469024541
0.365362066775461,"1",-0.827024035924671
6.50963319672478,"1",30.0427564286945
-5.43613068518678,"1",-29.0525390952852
1.28647624466728,"1",8.02382021056012
5.28245365144536,"1",22.4423556047851
-0.854990315117812,"1",-9.63091205974452
-5.29560072143455,"1",-30.2246217952743
-0.314510377564099,"1",-8.01460803554721
8.15740165313007,"2",34.595088423353
-8.48303968296944,"2",-42.5124093367153
0.332953993111017,"1",-1.35038828755904
-4.75338080257781,"2",-26.791840202432
-4.45226941055335,"2",-22.1477881074951
-1.02240311607036,"1",-6.26464513643177
3.16052544148589,"1",13.7863216450676
4.146254036707,"1",22.4348610759097
-5.802479764714,"1",-31.4707468706453
-0.669973602888965,"1",-8.10368821430021
-2.52034323547204,"1",-10.4067376788976
4.64493942892429,"1",17.8963758988404
-2.63562122442875,"0",-8.01588623818822
3.21506955707629,"1",13.0611481903979
-3.36771939495981,"0",-12.5256645880985
-7.9429852411062,"0",-24.9402741492547
5.94910085076124,"0",15.5220847868707
8.86933775342838,"0",24.9911934424971
0.792239094795907,"1",-2.20683049884297
-7.7403899253538,"1",-31.6263887503915
-5.57326889637195,"1",-29.1155383415171
-2.82839817045797,"0",-8.18081661108513
0.234399406173599,"1",-1.19141106483703
9.66653946824774,"1",47.6450260169397
1.3313033619478,"0",2.03397202665491
-7.01065062706105,"2",-37.7212963380899
-2.93794988939014,"2",-11.5400926379354
2.93197802808729,"0",9.05123922869918
1.60162173727335,"1",6.49674209878348
2.49761855710704,"1",11.3910204262242
-0.164226575766483,"0",4.49147307535921
3.20535665106908,"1",18.162314468422
-0.124431601528832,"2",1.97376603373223
-2.24659119488816,"0",-6.47228088086841
-2.25340888345728,"2",-13.1137326744795
-4.10679214877745,"1",-22.4047642281605
-6.72766111661099,"1",-31.3401146877382
-7.80384316940611,"1",-40.3267656629108
-10.5830458020313,"2",-49.3156299719687
-2.74146819618811,"0",-8.03028199124131
2.88764077513726,"0",7.5565604143798
6.94653604825479,"0",20.2318956867179
-0.413235690223763,"1",-1.80504478034277
-4.01175960755527,"1",-29.5879053522494
4.8877386357553,"0",15.3848159235199
11.2892862337915,"2",49.0592737352139
-3.58506622644862,"2",-15.9176737698379
-1.1179117876369,"2",-3.5193500737247
10.4967664949028,"1",48.7867407424373
6.75301204641149,"1",35.6961989409591
-0.114820601005595,"1",-1.27072200894673
-7.20887350279364,"2",-35.4755659696186
-2.17031410390644,"2",-13.10184883291
-2.6505505120566,"0",-12.4664782523969
2.55237593053504,"1",12.9378076628999
-7.67632320664994,"1",-43.9972907959497
4.42266015737837,"1",15.3699836013531
-9.3916573202692,"2",-46.154661282001
-7.60218020820299,"0",-24.2178509803042
-0.878908370110208,"0",-3.65881384989048
-2.90884331905312,"1",-16.6812300260749
1.50564796056982,"0",8.25482410991386
-0.870325496383404,"0",1.10236701555397
-2.86801502249573,"1",-16.951051691057
-4.55082085857864,"0",-8.51793712367794
3.42376812547779,"1",16.5033387678735
-5.71123366473707,"1",-25.5933299964068
2.72754350880156,"1",2.41793108684249
-2.80371042706253,"1",-14.4422244936386
4.83462173004779,"1",19.3742301270062
-3.63288967962134,"1",-18.4779311299861
2.00705881281272,"0",2.93082975604138
7.07778206839818,"1",37.4039891930101
-1.65841440784103,"2",-7.99294447554677
5.48232862580922,"0",14.1882061397074
5.43055062500588,"1",25.1404559942764
-6.42857738711721,"0",-17.7631305306608
3.6544088651822,"1",13.4858652116238
1.10805609186376,"2",1.32406124623329
5.08164652310227,"0",20.8168604128291
-0.65011972534167,"2",-6.46018130275761
0.380193007628351,"1",4.5475584202406
2.13454105902907,"1",9.59823521030389
-4.39581934217386,"0",-15.9912348857511
1.12600622457423,"1",4.34954416594472
3.23755986912614,"0",10.2752999539857
-10.8210681862172,"2",-49.2123763516649
-7.25468258712169,"1",-36.0960516528944
0.0040207963806106,"2",-2.44980991794541
4.06432885425291,"2",19.9146707714482
3.04722090658285,"1",14.8375723935515
-3.41834375604283,"1",-15.9279884485812
-5.33129945364092,"2",-27.6446819111861
-7.30554911542171,"0",-23.4220569011945
-3.9274130387535,"1",-21.5089508631188
-11.0129231931434,"1",-53.4731769784934
1.96401206815531,"0",2.92212355202416
5.31782864387061,"2",17.5742684132623
-2.62589860778337,"1",-16.8761112270184
-1.561019278181,"1",-14.2471525386317
-11.4760483775424,"0",-34.5413641483594
-4.91447293440371,"1",-27.9110954353713
-3.59522746685203,"1",-20.9912955873742
3.73393057734502,"2",11.4010610072207
1.85706846466796,"1",8.17276656333477
0.750366981361447,"2",1.22402186004656
-8.15715953875419,"1",-42.8021032561327
-6.85043539790095,"1",-32.5485860971301
-2.3560219932116,"1",-14.2384580131333
-2.11267373001483,"2",-15.2608519849221
-4.14053040440983,"1",-18.5076735235866
5.35808916528154,"2",17.7830799979859
5.08914718971966,"0",15.158419004257
-0.935902461424943,"1",-7.69371190210825
1.08343106667635,"1",1.99464893016261
-5.2411201841326,"0",-16.8346789783339
-6.06956746862223,"0",-20.5339201712797
-0.980380501405394,"2",-8.02853207411234
4.85506274225057,"2",14.6797563673051
-6.25286821851276,"1",-24.1887802161863
7.17397603929348,"0",21.2727342582231
3.38648560799778,"0",10.4638347242821
1.88831274592546,"0",4.30153014207136
3.99300619690812,"2",16.2808565617875
7.4109747357723,"2",29.3894482517869
11.634732813305,"0",30.7308299235999
11.7054258652333,"0",38.7969594600203
0.0483525059479419,"0",0.400362662281134
0.250677435258979,"2",-1.38331812891785
-6.77600798133228,"2",-32.5891082753063
-3.70705621055191,"1",-14.5511282501009
-3.7199409519065,"1",-16.4641735464559
-8.87796628880599,"1",-40.856123203418
0.0572218348075799,"1",-0.44639812216602
3.18903997631826,"1",13.9718071826696
0.368974513433433,"2",-1.21041817382278
-5.56307482409749,"1",-25.5171832251707
4.38707677564628,"1",20.6278340623512
8.41841516435025,"1",41.4001519589236
-0.285568668575838,"0",-0.662583408404486
3.6154295500241,"2",13.1630710640765
6.07462623854689,"1",28.765418734688
-3.11963523567355,"1",-15.3370425075917
-9.60243175914641,"2",-53.7400502306319
-6.10913418682045,"2",-28.769503824438
-4.32209953002434,"2",-21.1919622019575
2.71004816037212,"1",14.7653650510416
-4.56126933350289,"1",-20.2950936968731
-4.2665138712487,"1",-25.0296610883202
-7.93725756790725,"2",-34.786520346681
-3.13325592467997,"2",-15.7962706649786
-0.977782190605668,"2",-7.43565506477272
1.15494795246088,"2",1.86183042074292
2.40474671761292,"0",2.69941343661166
2.15381797073621,"2",8.86810887853766
1.5614393483913,"1",2.19152197925648
-2.5410855383444,"0",-13.366573800572
1.24270195575623,"1",3.32130643799156
-2.13435387711919,"1",-13.0830797412912
-0.322151180498796,"1",-3.63284464205383
3.77551002017506,"1",16.740536670066
-6.47756141553829,"1",-29.649926849487
0.0967520499769791,"0",4.00359965463512
-7.15885687334893,"0",-23.0875471986251
0.743664295914376,"1",7.85284693162984
1.8353566744372,"1",8.56128151267051
-9.46614522766299,"2",-40.6348151972049
5.57623849354066,"2",12.8732867637676
-4.69741230497033,"1",-23.9107338831776
0.728802729889642,"1",-1.15486487378451
-5.02281371810599,"1",-25.4275513224094
0.437114009199813,"0",-1.77900465479735
-4.31271108673038,"1",-19.5484765826327
-5.97514753377133,"1",-29.4058173091188
4.96757987609826,"0",12.6439598905745
-1.20036344578421,"1",-8.01411435967404
-7.79459666988869,"0",-21.8611883789752
2.17047620189904,"1",6.06620189520802
-0.457942191808601,"0",-3.03601774257946
6.61088726737435,"1",37.626357180394
2.40702119463249,"1",9.50046343444236
-5.05443912389032,"2",-21.0983826754076
-2.60611072089741,"1",-14.1050236893285
5.19767610924871,"2",18.5857656323897
7.93264700700534,"1",38.3827480781003
1.1437243218113,"0",3.9937933120412
4.78944974502713,"0",15.850779721394
4.75597510268874,"2",20.5792492448134
2.59349393072038,"0",7.31257829050297
8.76936197013621,"1",46.4720007779912
8.22002970649011,"0",25.2615569801075
10.5056647986561,"1",53.6920543249135
-0.983499477622774,"0",-4.6043328026703
-0.142442752745091,"1",-3.21762331865488
-1.41857615069198,"1",-8.96476642281119
0.967001505877828,"0",5.49244350485721
1.36978920237917,"1",2.87903335945407
5.56498488506039,"1",22.4689639411465
3.24859079920801,"1",12.4963358079385
4.52192308215262,"1",16.1675592630364
-7.29137462980411,"0",-21.9873429051446
3.49536795592246,"2",11.3904250382983
0.0377577365465519,"1",-2.82636957038136
2.62805427421546,"1",8.73864478024543
-2.87150335504055,"0",-8.72708582512667
4.05830201991006,"1",19.1388805434704
-1.57614748847809,"1",-9.89704300475226
3.56185671552282,"1",19.5128744699888
-9.60234197732726,"1",-50.4700579337116
5.05282882924039,"2",16.9839095317264
1.61160917753892,"0",8.02980603107934
-0.678084189797888,"1",-8.7187421947705
-4.35849311580167,"2",-21.7222415860095
-7.84917275842494,"0",-25.5617178702584
-9.58149421629796,"2",-47.53923037656
-1.06457803215038,"2",-7.90191957061284
-4.77930782912362,"1",-27.2217569110311
2.30667520408919,"0",5.3032057944795
2.48433136023095,"1",6.25363082833227
4.56184141617427,"1",29.8847679572488
-3.45163075944389,"1",-18.5073476568768
0.54477601894951,"1",2.02825799503633
0.422629584023094,"1",-0.250260175589554
4.49129446384301,"0",13.78621206723
-5.70683946450942,"1",-31.4941353817356
1.6868609442618,"0",0.887214316470175
-1.02054517454532,"1",-2.42204400840638
-6.95221701376808,"2",-33.029671417519
-3.60464156851948,"0",-11.3252912931417
4.6962954450916,"2",19.0362571436012
4.33082484583503,"2",22.4728646089163
3.1066782966158,"2",15.1155835478477
1.45926733638217,"1",10.8300449225228
5.3180038616634,"2",22.1985100812814
4.62313169904685,"1",21.1422657963125
12.0027647775281,"2",51.141638014603
-5.0323182221067,"2",-21.3472411041634
3.05351049645362,"2",11.433247418161
-7.20194856954581,"1",-36.7016667105567
-9.19713439906022,"1",-46.791549397978
9.44919177711567,"2",39.4150010859885
3.10626581193877,"2",11.370483695678
0.0197280098866023,"1",0.359773720209056
7.8327852619544,"0",14.9692484713901
-1.8929152353424,"1",-9.74297616045804
5.06340577340942,"1",24.5745145501992
-0.211454910685526,"1",0.157849695753314
-6.51702287242955,"2",-27.8153499552916
2.16754556932976,"1",7.14063611457208
2.20820792135438,"2",10.8680743549963
-2.36871016306354,"2",-12.3558147377047
-4.98690851890007,"1",-26.9701778015475
-1.09634174867352,"2",-8.26897323436186
0.632507466919741,"2",-3.66854311508828
11.7541015383589,"0",36.4382326253013
-0.243730385451443,"1",-6.83432668995722
2.65079246876576,"2",4.18524892390717
-3.33555624180558,"2",-18.9022064289147
3.20339945573354,"0",8.19888801150537
-0.123871259886314,"1",-2.64144503899142
-1.76727554140736,"1",-10.9733911378461
0.697998153076508,"2",4.87887191704868
-1.06788262681047,"1",-2.62606962934816
9.27527667404692,"2",38.1277684546328
-6.82116497975003,"2",-27.5607169568172
-7.03610917559362,"1",-35.7960477374836
-3.49817492343766,"0",-6.53168644303445
1.87689946430662,"2",-3.77373886778553
-4.19818670992263,"1",-21.4146059079391
8.88019188630374,"2",34.1619849651341
-0.0721875070186646,"2",-1.63832651346342
-3.49426992205631,"1",-21.5616962926783
2.89735611834715,"0",11.7071472060607
6.42185070906663,"1",32.579173905071
-7.1333549626946,"1",-38.9255545511933
3.96206392836868,"2",14.8169905469061
5.14910915710648,"1",26.2681474162233
7.94804781021248,"1",34.9540599367752
-4.87933175525072,"1",-27.0588499434073
4.20621570537255,"1",25.602999370385
0.689285642356661,"2",-0.43285714811512
-7.74342525551375,"0",-19.5836823844424
3.68768896504132,"2",14.5201302578445
7.11195319402194,"2",27.2000125138693
-1.92683883542954,"0",-6.06100346321505
-2.76527174842488,"0",-7.73319489866734
10.2187294565928,"0",32.1386188560911
-0.895422096195906,"2",-4.85203815016757
2.62203019291709,"0",7.39818707709311
4.01468747349117,"1",22.698628294766
-2.28671690220767,"0",-6.25868284598578
-2.03622502474026,"1",-9.01739479206834
5.21897785007486,"1",23.4410548805723
5.18202284083498,"1",23.4047046492455
3.62361214304425,"0",9.99895075978147
-2.8162037571672,"1",-12.4895797986123
-1.524605149634,"1",-11.5929384006118
1.87286240090471,"1",4.00835152036808
4.7617426599851,"2",16.6812237818313
6.00508045964395,"0",12.5731852312051
-1.38937037535439,"0",-4.28133014179541
-5.37371364430658,"2",-28.5204421627324
-0.111709985660126,"1",-3.57370818141475
-2.12321949851242,"0",-9.77128508636914
0.911665165980208,"1",3.44575006989601
-5.5973979658515,"1",-29.1396193853375
-7.83255682625657,"2",-38.2628112805164
8.01760904666057,"1",41.7916361256775
4.21391310188269,"0",11.1833912585728
-2.18011657703513,"2",-15.5643447965135
2.09732079075403,"1",12.6815824522327
-1.16802889963817,"0",-7.83240794469555
0.115067230203223,"1",-0.533686413885849
0.376322378365903,"2",-2.32074889233697
-1.72795884758834,"1",-12.0623006411608
-7.73067253078048,"0",-24.3033360182776
-1.73399286758637,"1",-11.9951821033449
3.78448890365488,"2",13.4133802486589
0.720366024460577,"0",-3.00692789944077
-1.57003417099427,"2",-0.989592893096766
-3.2999611517868,"1",-17.7489996185913
-0.688152176645457,"2",-4.79230689461578
-2.18956321383944,"1",-13.3112241649022
-0.682285424327998,"1",-4.09909844593905
6.36348857523262,"0",17.1305276665094
5.16630243444397,"1",20.6581436559046
-1.40464675787565,"0",-0.533258409306738
1.73326408845448,"2",6.05499354248246
-3.06145443959803,"2",-16.2879115657744
2.33522112578087,"0",6.9085910180316
-0.480397930442733,"1",1.58216315044499
5.90817132190544,"0",20.8600451787929
-2.21187798225163,"2",-7.41974267952034
-4.33242833149154,"1",-22.3946489536616
1.81694995768371,"1",7.11135708949681
2.45913745209854,"2",8.19531505017018
4.13644584641957,"2",19.9121972042048
2.20417012472618,"0",6.30496055829828
-2.91428602639131,"1",-15.2633539947842
4.80489700757364,"2",19.8161591314044
-14.345498956543,"1",-73.8338566937467
-0.254124350008977,"1",-2.87833420809134
5.28632143794053,"1",26.6927408604787
1.07079087314234,"1",-4.17515294876142
0.85253183890946,"1",3.98425921080128
1.20504368704865,"0",3.87261674429802
-5.86612882898004,"1",-28.1155198957193
3.08374210236211,"2",15.3880924312708
4.0158093457546,"0",9.35033630518707
1.66442513136894,"1",10.2532643657463
-0.305814778856269,"1",-2.2256928982001
-0.640378736609726,"1",-5.23752889009584
-1.53835995730046,"1",-10.0272351518333
-1.12612055933579,"1",-11.145429512906
0.192339609080571,"0",1.75294683746641
-8.62118396451084,"1",-48.7215945852542
-2.14685577534483,"0",-12.1838845115733
1.21537318547925,"0",1.75391621564817
-1.01252789017822,"0",-4.44889402622991
0.367646473299389,"1",-0.183856373062907
-0.773160560091966,"1",-6.00281623126913
-4.20092394209231,"1",-18.2667394822572
-1.99010657315688,"1",-7.23718936108021
3.06776361124523,"1",12.7278414776479
-5.24007705058874,"1",-22.0658598008857
0.886938038045575,"2",2.37571931168959
5.18195570260453,"2",25.2816389889989
-0.453195300543335,"0",-11.5793723587953
-2.71782632103332,"0",-7.57715132142589
8.01396295459995,"2",30.263954772467
-3.86772980063762,"1",-19.6521317350675
-4.38913751500638,"1",-26.0360342574287
0.241185172699454,"1",3.22100471451647
0.116189364875202,"1",1.05086718411388
-9.62854501868264,"2",-47.5872323217922
-5.32123240054501,"1",-28.618459133478
0.202812227300929,"0",2.13103831259365
4.39201313930614,"1",17.1738865822435
4.76890782832081,"0",12.6445323178088
4.88458279852421,"2",25.5525434368812
-6.81676106363607,"1",-36.6184478569004
-1.66956815439225,"2",-5.8664633126663
-6.73201588373712,"1",-34.734549503527
-9.12045557919919,"0",-30.165143596827
0.601134981661997,"2",0.424620460552564
8.48677851390302,"2",36.7531236591709
-4.58247539537056,"1",-22.4299464905402
0.0336103554849511,"1",0.345413060138763
10.857962255369,"1",52.821907775187
1.16652489450007,"0",7.12476561081034
0.563417709334227,"2",1.13684755264125
3.14526048624075,"1",16.8900327628367
1.25176920100608,"0",2.10147323321625
-2.93377504223522,"2",-16.7073972449879
3.49417993499678,"1",15.5990140056326
3.05731948628236,"2",14.3493766754943
-8.02703737954758,"1",-44.1050995501797
-2.47764343333072,"0",-11.7888907841476
1.00341679742046,"2",-0.231242599709562
3.28032473607214,"0",4.3989180604897
2.72315479605577,"0",8.05624537243505
2.02073070827748,"1",6.76492277803458
-5.45441709422297,"0",-18.378409535783
-5.95712446691785,"1",-34.1872489254211
-0.812219655119894,"0",-2.54923472536471
4.34006308997747,"1",20.5476858938074
10.7899567111164,"1",51.9334779932201
0.863250666098628,"1",6.01984422286779
4.53764438204332,"0",12.1545850990547
-7.9936379894807,"2",-41.7251911525185
0.247449231053568,"1",3.43222465373041
0.148690417712242,"1",-4.58486915721984
-3.25357449236064,"1",-17.3768950267052
-1.18740685019907,"1",-8.95123384597891
3.41281133276915,"2",10.935144594242
6.40834537959836,"2",25.7262357822565
2.42429526037513,"0",4.94766801571238
-0.512797369254192,"2",-5.92440797943193
5.9537004569073,"2",19.6236260832604
-3.84602356304506,"1",-12.1545569388478
-2.18535934692239,"1",-12.1759905942693
8.40234595604585,"0",25.5114157684263
1.09985533013461,"2",1.58594088990072
-3.56015220700405,"1",-18.4884323593193
-3.61743906844165,"2",-20.2384138671759
0.432842157367538,"1",-3.00915772947752
-0.364834392024856,"2",0.0389271002083711
-6.23968242131956,"0",-18.4637421195214
5.45076177482311,"0",15.8409187368861
-4.28899415659589,"1",-22.5420431422904
1.11407220424286,"0",8.32636941538724
3.00243914161322,"2",14.6465073503361
14.9441805908761,"1",78.2546111949925
0.925938241261738,"0",3.04530742758129
-1.664845956167,"0",-5.96793056742272
-7.87313371160572,"0",-24.4902046190904
2.8583656256722,"2",14.1608362108416
0.285151473948175,"2",-1.02436818311346
-3.34264934925448,"1",-17.4051706091001
-3.7919649720838,"2",-18.8697197770541
1.11326052768577,"2",1.90331046355399
-9.89927554451466,"2",-47.1544524083624
-4.92859256486082,"1",-24.381829153528
7.07217315626074,"1",25.8317584668306
0.732442724192279,"1",3.38381363721537
5.48620070264521,"2",22.9453888450555
-8.74849964484858,"1",-42.5273739750619
-1.57038952130022,"1",-5.34069463585973
5.64867439952981,"2",20.7219430658074
-0.79187713581143,"0",0.555507301467347
-1.42600530422809,"1",-7.82664552505921
9.0553935671151,"2",37.7136358449707
8.51071524887154,"1",40.2181408790267
-2.04862678057784,"2",-15.7336472288274
-6.63546840785619,"1",-33.0014140290562
-1.26175210762836,"0",-8.40093108558509
6.07122154352789,"2",19.5771797603367
-3.99058757522717,"2",-21.8498474293118
-0.939155657717226,"1",-7.10708864428138
-2.65375472028589,"1",-15.2908623409893
-11.0319827221347,"0",-34.2329615972134
5.63343409057356,"1",30.9050506810722
-0.665951474781557,"1",-0.616413869203602
-2.52077834208034,"0",-9.17331160481932
-6.43909520791677,"0",-14.1827601716923
0.826666346150031,"1",3.51782987123465
-9.25714935632633,"1",-43.3229084543531
-1.34938706204017,"2",-18.2920282363461
-4.36429751024276,"0",-12.5165648890542
1.56951728776399,"1",3.04870791558723
-3.25455797422093,"1",-16.5862726029841
0.877090168489478,"2",-1.14344092419414
-1.50004172393426,"2",-5.73510890668495
-0.655583393491989,"0",-0.496829820738095
3.89927047871212,"1",16.2375726558403
5.11254521319829,"2",19.9941563286393
-7.12321548783104,"0",-19.8470448328023
-3.30140503539344,"1",-21.2932042912544
3.22072034858271,"2",10.8310504014685
-3.38371534092583,"1",-12.3466558611069
4.1572898122002,"1",18.2518065222809
0.0251646001937172,"1",2.77241638306743
4.16520003930058,"1",19.7515301116615
-1.36247440955609,"1",-10.6161489070099
0.120968646348635,"0",0.0824189821194835
-3.79591412804575,"2",-18.5189932295986
-1.58421108286503,"1",-7.43862492801256
-5.07191511307479,"1",-25.18221428266
-3.31598029463204,"1",-18.0478049748184
2.4401770870542,"0",10.9457221884727
1.28525876512095,"2",4.38513230368153
1.42015395006176,"2",6.55442310691087
-3.42686346329346,"1",-19.7881516862693
-5.05671300351593,"1",-27.7889745725091
-1.91218497865381,"2",-11.4767180732934
4.72086560860021,"1",25.1957670302248
1.73834450815169,"1",4.7218098883167
2.2918491010023,"1",6.10328502085604
0.919692220534953,"0",0.012458473503246
-0.508656593221509,"1",-8.98533911383425
1.25358704543696,"1",5.15471621145255
-7.82369337921403,"0",-25.8098109009949
-1.71260886121157,"2",-11.7218981285662
-7.72630890935462,"1",-43.033171137605
-6.02265473536367,"1",-31.2258494368234
1.66919995429251,"2",5.35877023823635
7.14018916596093,"1",33.6846402674428
6.86146895916609,"1",36.0109356882051
-0.0857066272640207,"0",-1.71546792886737
2.82189106252225,"1",9.35563511275585
-0.635785280450397,"2",-1.66605526356422
2.44120731474736,"1",6.87771532795576
-3.76200615850578,"2",-19.038050278178
-1.31221333380625,"1",-9.57526626401477
5.21353613430016,"2",19.0384062011316
1.35216794478862,"1",4.649521298007
2.43066608821261,"0",4.9667804992248
3.03828513844978,"0",7.49803559756128
-0.416741183452118,"1",-8.25173189008309
-10.0348554761595,"0",-22.0290055521011
-2.83775220593111,"2",-15.0190787863473
-0.955050624277219,"1",-5.47087522109732
8.4316384500099,"0",23.9315072543247
-1.7456644797132,"0",-4.92466476343865
0.612779705477185,"0",-0.121598942756934
4.18987544003054,"1",15.7760086838375
-2.5816307138776,"1",-10.2274717050678
2.85538767300892,"0",8.82146816346407
0.509996547597986,"0",1.0186230552107
8.82073607356656,"0",26.3651358613887
-7.22746528187875,"1",-32.1531736067351
3.61043231968927,"0",13.9668281721444
-1.77339524399131,"0",-0.786477491361955
-10.9762073793728,"2",-51.1254405033816
1.38626663474436,"0",3.18540720531136
0.302683856680204,"1",-0.357384200872214
-8.56936544936789,"1",-40.5486363515227
1.10647791945722,"1",4.22483978140586
2.09449616068423,"2",7.73330886025138
-4.2960562582654,"2",-21.1381305648713
4.49722945589872,"1",20.3797853684616
2.61161752759377,"1",11.4503751799224
0.865651543890591,"1",4.589391390229
-3.14068540988646,"2",-24.6621916589622
-2.57969433643457,"1",-13.1768716659189
9.47116422631726,"1",46.6133068147384
7.19656004757683,"1",37.1979244870651
2.00722988512222,"2",10.5437874536913
-1.63463759127746,"2",-12.0529608928253
8.44600845106614,"0",28.2691640621
6.76906468361155,"0",20.6105750469159
3.98389795132532,"1",17.8838545495794
3.10056282357475,"1",13.1673787525427
-3.23784331927118,"2",-21.0851216529474
1.91673949253103,"1",9.75962547287986
-1.80714457514284,"2",-14.7478253508428
3.65523396219218,"0",5.22238470103779
2.41937464582969,"1",9.20466988835887
-9.09870171638869,"1",-47.9048189376387
-4.5843168398584,"1",-24.9436729388518
3.37595063057008,"0",8.99083846090095
-4.21467259803605,"2",-17.2281464629578
6.18408751104938,"0",22.2656060378523
-7.31025181502586,"0",-23.5417320236559
-6.00860941742402,"0",-12.8913028002141
-7.77158488667098,"2",-36.5876338495349
12.401594877476,"1",64.9708127146587
-0.0903712302404633,"1",-11.6716426083676
3.98067752851961,"2",16.4893765200123
-7.52590847754289,"0",-26.3766039558614
-3.03543656216782,"1",-15.4906655427186
-6.62897312609854,"1",-37.2352123128895
6.39493037459976,"2",29.7922655367181
-3.55433882543529,"0",-9.19309611656801
-3.48957049286748,"1",-20.7066322020577
0.914828764667741,"2",1.10443231025185
-1.85924395876446,"2",-8.84399618374921
-0.573360843217168,"0",-5.50626164393871
-1.57012637236322,"1",-10.5128230289697
-3.87567723925625,"1",-14.806465352759
0.212274484334306,"1",-1.47327011704857
-10.2516042694142,"0",-27.1082194261437
5.77434872698468,"0",17.2485760961126
1.59219637075151,"0",1.97281225302506
-0.0622524433508649,"2",-2.56062295200531
-0.188637844553083,"1",-1.3805688761581
-4.10183762693774,"1",-20.0267576483761
-8.47076258231123,"2",-38.9410703376865
-18.0198005009535,"2",-83.557005755949
-5.28927379525462,"1",-23.821178048963
2.07823223460757,"1",9.99262903367508
5.18631283629561,"0",17.7226688405198
0.289744222958148,"1",-1.20511325501124
-0.550546153420691,"2",-5.98286724532253
0.848150506266542,"0",1.67256584944836
3.07425027067673,"1",16.9626903406074
3.0289573989798,"0",6.11695954449763
-2.34450073078896,"1",-17.0784641381003
1.06811676071721,"1",1.59396561548445
-0.251256042510715,"1",-7.69833636028029
-2.89227907041358,"1",-15.5746143678001
-5.06994193658244,"1",-28.688440446265
-3.38857919035148,"1",-19.9580542048715
-2.30898093265293,"2",-15.7920407877701
-8.12369011688967,"1",-41.7310263444534
-5.8001650593252,"1",-30.1534548527059
5.30576412158667,"0",14.9009868023982
-4.85970130193477,"2",-21.1650649663318
8.15806539443889,"1",38.3319789251191
-6.40566819478834,"0",-22.9708247842204
11.120483311873,"1",57.7973950578273
-2.55970511437893,"2",-17.8469942604862
7.28819191872478,"2",30.6878410693596
-1.70739480046074,"2",-11.6974761970569
-6.60798815060747,"2",-34.1584530809527
-4.55955298353141,"2",-23.6293068518275
8.26253461809271,"2",32.8561880160042
1.44674157465627,"2",2.89351726816513
0.660228325097586,"0",-3.18734099752975
4.26701512495351,"2",25.2771289386683
2.07768446397255,"1",9.13922846020546
1.16834182798481,"1",5.14608704021283
0.463690978781391,"1",-0.0449532017980694
1.75704897704035,"0",5.58347560682198
-0.231397376334299,"2",-5.00122625269283
